{
  "iconList": [
    {
      "icon": "assets/images/icon/mail.svg",
      "url": "mailto:uninto@icloud.com"
    },
    {
      "icon": "assets/images/icon/bilibili.svg",
      "url": "https://b23.tv/iDh4oum"
    },
    {
      "icon": "assets/images/icon/weibo.svg",
      "url": "https://weibo.com/u/6476668327"
    },
    {
      "icon": "assets/images/icon/github.svg",
      "url": "https://github.com/uninto"
    },
    {
      "icon": "assets/images/icon/telegram.svg",
      "url": "https://t.me/uninto"
    }
  ],

  "lineList": [
    {
      "time": "2023-11-25",
      "text": "敬请期待"
    },
    {
      "time": "2023-08-25",
      "text": "ICP备案成功"
    },
    {
      "time": "2023-08-17",
      "text": "网安备案成功"
    },
    {
      "time": "2022-10-22",
      "text": "注册新域名"
    },
    {
      "time": "2022-10-22",
      "text": "注销所有备案"
    },
    {
      "time": "2022-10-22",
      "text": "域名出售"
    },
    {
      "time": "2021-02-08",
      "text": "独自完成第一个主页"
    },
    {
      "time": "...",
      "text": "..."
    },
    {
      "time": "2018-01-06",
      "text": "搭建第一个网站"
    }
  ],

  "siteList": [
    {
      "name": "百度",
      "content": "百度一下,你就知道",
      "url": "https://www.baidu.com/",
      "status": true
    },
    {
      "name": "谷歌",
      "content": "谷歌搜索",
      "url": "https://www.google.com/",
      "status": false
    },
    {
      "name": "必应",
      "content": "必应搜索",
      "url": "https://cn.bing.com/",
      "status": true
    },
    {
      "name": "搜狗",
      "content": "搜狗搜索",
      "url": "https://sogou.com/",
      "status": true
    },
    {
      "name": "360",
      "content": "360搜索",
      "url": "https://www.so.com/",
      "status": true
    },
    {
      "name": "搜狗",
      "content": "搜狗搜索",
      "url": "https://sogou.com/",
      "status": true
    },
    {
      "name": "360",
      "content": "360搜索",
      "url": "https://www.so.com/",
      "status": true
    }
  ]
}
